bebestevens,1.02E+77
betsydonovan,4.55E+76
biggayal,9.16E+76
kylebroflovski,1.03E+77
buttersstotch,6.37E+76
captaindiabetes,9.01E+76
carolmccormick,7.79E+76
chef,8.53E+76
clydedonovan,6.56E+76
craigtucker,4.53E+76
davidrodriguez,2.59E+76
ericcartman,1.09E+77
fathermaxi,4.15E+75
geraldbroflovski,4.36E+76
heatherwilliams,7.55E+76
heiditurner,1.56E+76
herbertgarrison,1.12E+77
ikebroflovski,9.52E+76
ironmaiden,4.32E+75
jasonwhite,1.13E+77
jennysimons,8.77E+76
jesus,8.37E+76
jimbokern,1.28E+76
jimmyvalmer,6.75E+76
karenmccormick,8.59E+76
kennymccormick,4.12E+76
kevinmccormick,5.06E+76
kevinstoley,9.27E+76
labelname,2.46E+76
lianecartman,5.84E+76
lindastotch,1.36E+76
marvinmarsh,6.41E+76
marymcdaniels,8.69E+76
mimsy,4.36E+76
mintberrycrunch,4.08E+76
mrhankey,1.11E+77
mrmackey,6.83E+76
mrslave,5.47E+76
mrsnelson,3.12E+76
nedgerblansky,9.91E+76
nelliestotch,2.88E+76
nicholedaniels,7.01E+74
officerbarbrady,7.10E+76
pcprincipal,2.61E+76
pippirrup,4.67E+76
principalvictoria,6.04E+76
randymarsh,2.41E+76
redmcarthur,3.66E+75
santa,5.20E+76
satan,1.00E+77
scottmalkinson,2.57E+76
scotttenorman,4.64E+76
sharonmarsh,3.57E+76
sheilabroflovski,8.77E+76
shellymarsh,1.13E+77
stanmarsh,5.18E+76
stephenstotch,2.62E+76
stuartmccormick,8.19E+76
terranceandphillip,6.28E+76
timmyburch,2.35E+76
tolkienblack,1.08E+77
towelie,1.06E+77
tweektweak,2.83E+76
wendytestaburger,1.05E+77